name,website,address,phone
"The Madison Hotel Morristown, NJ",http://www.themadisonhotel.com/,"1 Convent Rd, Morristown, NJ 07960, USA",(800) 526-0729
The Bernards Inn,http://www.bernardsinn.com/,"27 Mine Brook Rd, Bernardsville, NJ 07924, USA",(908) 766-0002
Olde Mill Inn,http://www.oldemillinn.com/,"225 US-202, Basking Ridge, NJ 07920, USA",(908) 221-1100
The Grand Summit Hotel,http://www.grandsummit.com/,"570 Springfield Ave, Summit, NJ 07901, USA",(908) 273-3000
The HAT Tavern,http://www.hattavern.com/,"570 Springfield Ave, Summit, NJ 07901, USA",(908) 273-7656
Grasshopper off the Green,https://grasshoppermorristown.com/,"41-43 Morris St, Morristown, NJ 07960, USA",(973) 285-5150
Stone House at Stirling Ridge Restaurant and Events,http://www.stonehouseatstirlingridge.com/,"50 Stirling Rd, Warren, NJ 07059, USA",(908) 754-1222
Huntley Taverne,http://www.thehuntleytaverne.com/,"3 Morris Ave, Summit, NJ 07901, USA",(908) 273-3166
Bonefish Grill,https://www.bonefishgrill.com/locations/nj/pinebrook?utm_source=yext&medium=referral&utm_campaign=location_listings,"28 US-46, Pine Brook, NJ 07058, USA",(973) 227-2443
Rod's Steak & Seafood Grille,http://www.rodssteak.com/,"1 Convent Rd, Morristown, NJ 07960, USA",(973) 539-6666
Classic Cafe Management,http://classiccafe.org/html/home.html,"1 Diamond Hill Rd, Berkeley Heights, NJ 07922, USA",(908) 464-2908
Ruth's Chris Steak House,https://www.ruthschris.com/restaurant-locations/parsippany/?utm_source=google&utm_medium=organic&utm_campaign=local-business-listing,"1 Hilton Ct, Parsippany-Troy Hills, NJ 07054, USA",(973) 889-1400
Roots Steakhouse,http://www.rootssteakhouse.com/,"401 Springfield Ave, Summit, NJ 07901, USA",(908) 273-0027
Tabor Road Tavern,http://www.taborroadtavern.com/,"510 Tabor Rd, Morris Plains, NJ 07950, USA",(973) 267-7004
The Famished Frog,http://www.famishedfrog.com/,"18 Washington St, Morristown, NJ 07960, USA",(973) 540-9601
Stage House Tavern,http://www.stagehousetavern.com/,"366 Park Ave, Scotch Plains, NJ 07076, USA",(908) 322-4224
Buffalo Wild Wings,https://www.buffalowildwings.com/en/locations/detail/3568/?utm_source=google&utm_medium=organic&utm_campaign=yext,"1599 US-22, Watchung, NJ 07069, USA",(908) 222-9464
Trap Rock Restaurant & Brewery,http://traprockrestaurant.net/,"279 Springfield Ave, Berkeley Heights, NJ 07922, USA",(908) 665-1755
Grain House,http://www.grainhouse.com/,"225 Morristown Rd, Basking Ridge, NJ 07920, USA",(908) 221-1150
Benihana,http://www.benihana.com/locations/shorthills-nj-sh,"840 Morris Turnpike, Short Hills, NJ 07078, USA",(973) 467-9550
Subway,https://order.subway.com/en-us/restaurant/47503/menu/?utm_source=yxt-goog&utm_medium=local&utm_term=acquisition&utm_content=47503&utm_campaign=yxt-restaurant-listing-allyear-2020&cid=0:tx:0:swy-web:0:0&segment_code=0,"2933 Vauxhall Rd #B15, Vauxhall, NJ 07088, USA",(908) 349-8485
Olive Garden Italian Restaurant,https://www.olivegarden.com/locations/nj/springfield/springfield-plaza/1199?cmpid=br:og_ag:ie_ch:loc_ca:OGGMB_dt:20190131_sn:gmb_gt:springfield-nj-1199_pl:locurl_rd:1151,"275 US-22, Springfield Township, NJ 07081, USA",(973) 376-2667
Scalini Fedeli,http://www.scalinifedeli.com/,"63 Main St, Chatham, NJ 07928, USA",(973) 701-9200
Allie's American Grille,,"1401 NJ-10, Whippany, NJ 07981, USA",(973) 292-5251
Mehndi,http://www.mehndimorristown.com/,"3 Speedwell Ave, Morristown, NJ 07960, USA",(973) 871-2323
Chimney Rock Inn Gillette,http://www.chimneyrockinn.com/,"342 Valley Rd, Gillette, NJ 07933, USA",(908) 580-1100
Arthur's Tavern,http://www.arthurstavern.com/,"700 Speedwell Ave, Morris Plains, NJ 07950, USA",(973) 455-9705
Minado Restaurant,http://www.minado.com/,"2888 NJ-10, Morris Plains, NJ 07950, USA",(973) 734-4900
Ming II Restaurant,http://www.ming2morristown.com/,"3 Speedwell Ave, Morristown, NJ 07960, USA",(973) 871-2323
Bacci Brick Oven & Italian Grill,http://www.baccipizzanewprovidence.com/,"1260 Springfield Ave, New Providence, NJ 07974, USA",(908) 665-2222
Arirang Hibachi Steakhouse,http://www.partyonthegrill.com/,"1230 US-22, Mountainside, NJ 07092, USA",(908) 518-9733
Chand Palace,http://parsippany.chandpalace.com/,"257 Littleton Rd, Parsippany-Troy Hills, NJ 07054, USA",(973) 334-5444
Famous Dave's Bar-B-Que,https://www.famousdaves.com/Mountainside,"1443 US-22, Mountainside, NJ 07092, USA",(908) 232-5619
SM23,http://www.sm23morristown.com/,"3 Speedwell Ave, Morristown, NJ 07960, USA",(973) 871-2323
Cos√¨,https://www.getcosi.com/?utm_source=Google&utm_medium=Organic&utm_campaign=Yext,"29 Washington St, Morristown, NJ 07960, USA",(973) 539-6664
Village Food Garden,http://www.villagefoodgarden.com/,"483 S Livingston Ave, Livingston, NJ 07039, USA",(973) 422-1579
Galloping Hill Park and Golf Course,http://www.gallopinghillgolfcourse.com/,"3 Golf Dr, Kenilworth, NJ 07033, USA",(908) 241-8700
Delicious Heights,http://www.deliciousheights.com/,"428 Springfield Ave, Berkeley Heights, NJ 07922, USA",(908) 464-3287
Blue Morel Restaurant and Wine Bar,http://bluemorel.com/,"2 Whippany Rd, Morristown, NJ 07960, USA",(973) 451-2619
Burger King,https://locations.bk.com/nj/morristown/66-morris-st.html,"66 Morris St, Morristown, NJ 07960, USA",(973) 455-9056
Sarku Japan,https://www.sarkujapan.com/,"112 Eisenhower Pkwy Space.VC02, Livingston, NJ 07039, USA",(973) 994-2702
Basilico,http://basilicomillburn.com/,"324 Millburn Ave, Millburn, NJ 07041, USA",(973) 379-7020
George & Martha's American Grille,https://www.georgeandmarthas.com/,"67-71 Morris St, Morristown, NJ 07960, USA",(973) 267-4700
Red Lobster,https://www.redlobster.com/locations/list/nj/vineland/3849-south-delsea-drive,"2520 US Highway, US-22, Union, NJ 07083, USA",(908) 686-8999
Chick-fil-A,https://www.chick-fil-a.com/uniontownship,"2319 US-22 W, Union, NJ 07083, USA",(908) 688-4515
IHOP,https://www.ihop.com/en/restaurants-union-nj/4661-4661?utm_source=Google&utm_medium=Maps&utm_campaign=Google+Places,"2500 US-22 E, Union, NJ 07083, USA",(908) 687-2022
Highlawn Pavilion,https://highlawn.com/,"1 Crest Dr, West Orange, NJ 07052, USA",(973) 731-3463
Sushi Lounge,https://www.sushiloungenj.com/,"12 Schuyler Pl, Morristown, NJ 07960, USA",(973) 539-1135
Subway,https://order.subway.com/en-us/restaurant/21972/menu/?utm_source=yxt-goog&utm_medium=local&utm_term=acquisition&utm_content=21972&utm_campaign=yxt-restaurant-listing-allyear-2020&cid=0:tx:0:swy-web:0:0&segment_code=0,"559 E Main St Store # 2, Denville, NJ 07834, USA",(973) 586-6767
Il Capriccio,http://www.ilcapriccio.com/,"633 NJ-10, Whippany, NJ 07981, USA",(973) 884-9175
Fiorino,http://fiorino.com/,"38 Maple St, Summit, NJ 07901, USA",(908) 277-1900
Legal Sea Foods,https://www.legalseafoods.com/restaurants/short-hills-the-mall-at-short-hills-161,"1200 Morris Turnpike, Route 24 & JFK Parkway The Mall at, Short Hills, NJ 07078, USA",(973) 467-0089
Chipotle Mexican Grill,https://locations.chipotle.com/nj/madison/6-main-st?utm_source=google&utm_medium=yext&utm_campaign=yext_listings,"6 Main St, Madison, NJ 07940, USA",(973) 264-1040
Ravello,http://www.ravellobanquets.com/,"138 Eagle Rock Ave, East Hanover, NJ 07936, USA",(973) 781-9001
Grillestone Restaurant - Bar - Private Events,https://www.scotchplains.grillestone.com/home,"2377 US-22, Scotch Plains, NJ 07076, USA",(908) 889-8000
Chipotle Mexican Grill,https://locations.chipotle.com/nj/east-hanover/368-state-route-10?utm_source=google&utm_medium=yext&utm_campaign=yext_listings,"368 NJ-10, East Hanover, NJ 07936, USA",(973) 599-1370
Water & Wine,http://www.visitwaterandwine.com/,"141 Stirling Rd, Watchung, NJ 07069, USA",(908) 755-9344
Cinnamon,http://www.cinnamonindianrestaurant.com/,"2920 NJ-10, Morris Plains, NJ 07950, USA",(973) 734-0040
Outback Steakhouse,http://www.outback.com/locations/nj/parsippany,"1300 US-46, Parsippany-Troy Hills, NJ 07054, USA",(973) 257-4888
Subway,https://order.subway.com/en-us/restaurant/29015/menu/?utm_source=yxt-goog&utm_medium=local&utm_term=acquisition&utm_content=29015&utm_campaign=yxt-restaurant-listing-allyear-2020&cid=0:tx:0:swy-web:0:0&segment_code=0,"1501 Rte 22 W, Watchung, NJ 07069, USA",(908) 769-1212
